<?xml version="1.0" encoding="UTF-8"?>
<project-private xmlns="http://www.netbeans.org/ns/project-private/1">
    <editor-bookmarks xmlns="http://www.netbeans.org/ns/editor-bookmarks/2" lastBookmarkId="0"/>
    <open-files xmlns="http://www.netbeans.org/ns/projectui-open-files/2">
        <group>
            <file>file:/home/jarvis/Documentos/projects/java/analizador-lexico-sintactico/src/analizadorLexico/Palabra.java</file>
            <file>file:/home/jarvis/Documentos/projects/java/analizador-lexico-sintactico/src/main/Main.java</file>
            <file>file:/home/jarvis/Documentos/projects/java/analizador-lexico-sintactico/src/analizadorLexico/AnalizadorLexico.java</file>
            <file>file:/home/jarvis/Documentos/projects/java/analizador-lexico-sintactico/src/analizador/Analizador.java</file>
        </group>
    </open-files>
</project-private>
